Source,Rss Feed,Human Title,Meta Category,RSS Suggested Title
CNBC,https://www.cnbc.com/id/100003114/device/rss/rss.html,US Top News and Analysis,,US Top News and Analysis
CNBC,https://www.cnbc.com/id/100727362/device/rss/rss.html,International: Top News And Analysis,,International: Top News And Analysis
CNBC,https://www.cnbc.com/id/15837362/device/rss/rss.html,U.S. News,,U.S. News
CNBC,https://www.cnbc.com/id/19832390/device/rss/rss.html,Asia News,,Asia News
CNBC,https://www.cnbc.com/id/19794221/device/rss/rss.html,Europe News,,Europe News
CNBC,https://www.cnbc.com/id/10001147/device/rss/rss.html,Business News,,Business News
CNBC,https://www.cnbc.com/id/15839135/device/rss/rss.html,Earnings,,Earnings
CNBC,https://www.cnbc.com/id/20910258/device/rss/rss.html,Economy,,Economy
CNBC,https://www.cnbc.com/id/10000664/device/rss/rss.html,Finance,,Finance
CNBC,https://www.cnbc.com/id/19854910/device/rss/rss.html,Tech,,Tech
CNBC,https://www.cnbc.com/id/10000113/device/rss/rss.html,Politics,,Politics
CNBC,https://www.cnbc.com/id/10000108/device/rss/rss.html,Health and Science,,Health and Science
CNBC,https://www.cnbc.com/id/10000115/device/rss/rss.html,Real Estate,,Real Estate
CNBC,https://www.cnbc.com/id/19836768/device/rss/rss.html,Energy,,Energy
Investing,https://ca.investing.com/rss/news_287.rss,World News,,World News
Investing,https://ca.investing.com/rss/news_288.rss,Tech News,,Tech News
Investing,https://ca.investing.com/rss/news_14.rss,Economic News,,Economic News
Investing,https://ca.investing.com/rss/news_95.rss,Economic Indicators News,,Economic Indicators News
Investing,https://ca.investing.com/rss/news_25.rss,Stock Market News,,Stock Market News
Investing,https://ca.investing.com/rss/news_11.rss,Commodities News,,Commodities News
Investing,https://ca.investing.com/rss/news_289.rss,Politics News,,Politics News
Investing,https://ca.investing.com/rss/news_285.rss,Most Popular Financial News,,Most Popular Financial News
Investing,https://ca.investing.com/rss/news_1.rss,Forex News,,Forex News
Investing,https://ca.investing.com/rss/news_301.rss,Cryptocurrency News,,Cryptocurrency News
Benzinga,https://www.benzinga.com/topic/government/feed,Government,,Government
Benzinga,https://www.benzinga.com/news/m-a/feed,News,,M&amp;A
Benzinga,https://www.benzinga.com/real-estate/reit/feed,Markets,,REIT
Benzinga,https://www.benzinga.com/real-estate/feed,Markets,,Real Estate
Benzinga,https://www.benzinga.com/general/politics/feed,Politics,,Politics
Benzinga,https://www.benzinga.com/general/hedge-funds/feed,Hedge Funds,,Hedge Funds
Benzinga,https://www.benzinga.com/general/health-care/feed,Health Care,,Health Care
Benzinga,https://www.benzinga.com/general/biotech/feed,Biotech,,Biotech
Benzinga,https://www.benzinga.com/general/sports/feed,Sports,,Sports
Benzinga,https://www.benzinga.com/tech/feed,Technology,,Tech
Benzinga,https://www.benzinga.com/markets/forex/feed,Forex,,Forex
Benzinga,https://www.benzinga.com/markets/options/feed,Options,,Options
Benzinga,https://www.benzinga.com/markets/commodities/feed,Commodities,,Commodities
Benzinga,https://www.benzinga.com/markets/futures/feed,Futures,,Futures
Benzinga,https://www.benzinga.com/markets/eurozone/feed,Eurozone,,Eurozone
Benzinga,https://www.benzinga.com/markets/emerging-markets/feed,Emerging Markets,,Emerging Markets
Benzinga,https://www.benzinga.com/markets/bonds/feed,Bonds,,Bonds
Benzinga,https://www.benzinga.com/markets/mutual-funds/feed.xml,Mutual Funds,,Mutual Funds
Benzinga,https://www.benzinga.com/markets/cryptocurrency/feed,Cryptocurrency,,Cryptocurrency
Benzinga,https://www.benzinga.com/topic/cannabis/feed,Cannabis,,Cannabis
Benzinga,https://www.benzinga.com/markets/feed,Markets,,Markets
Benzinga,https://www.benzinga.com/after-hours-center/feed,Markets,,After-Hours Center
Benzinga,https://www.benzinga.com/intraday-update/feed,Markets,,Intraday Update
Benzinga,https://www.benzinga.com/pre-market-outlook/feed,Markets,,Pre-Market Outlook
Benzinga,https://www.benzinga.com/sec/feed,Compliance,,SEC
Benzinga,https://www.benzinga.com/exclusives/feed,Markets,,Exclusives
Benzinga,https://www.benzinga.com/federal-reserve/feed,Government,,Federal Reserve
Benzinga,https://www.benzinga.com/economics/feed,Economy,,Economics
Benzinga,https://www.benzinga.com/top-stories/feed,News,,Top Stories
Benzinga,https://www.benzinga.com/topic/short-sellers/feed,Markets,,Short Sellers
Benzinga,https://www.benzinga.com/news/econ-s/feed,Economy,,Econ #s
Benzinga,https://www.benzinga.com/news/global/feed,News,,Global
Benzinga,https://www.benzinga.com/news/events/feed,News,,Events
Benzinga,https://www.benzinga.com/news/ipos/feed,Markets,,IPOs
Benzinga,https://www.benzinga.com/news/stock-split/feed,Markets,,Stock Split
Benzinga,https://www.benzinga.com/news/insider-trades/feed,Markets,,Insider Trades
Benzinga,https://www.benzinga.com/news/management/feed,Markets,,Management
Benzinga,https://www.benzinga.com/news/legal/feed,Legal,,Legal
Benzinga,https://www.benzinga.com/news/fda/feed,Pharmaceuticals,,FDA
Benzinga,https://www.benzinga.com/news/small-cap/feed,Markets,,Small Cap
Benzinga,https://www.benzinga.com/news/asset-sales/feed,Markets,,Asset Sales
Benzinga,https://www.benzinga.com/news/buybacks/feed,Markets,,Buybacks
Benzinga,https://www.benzinga.com/news/retail-sales/feed,Markets,,Retail Sales
Benzinga,https://www.benzinga.com/news/offerings/feed,Markets,,Offerings
Benzinga,https://www.benzinga.com/news/financing/feed,Markets,,Financing
Benzinga,https://www.benzinga.com/news/dividends/feed,Markets,,Dividends
Benzinga,https://www.benzinga.com/news/guidance/feed,Markets,,Guidance
Benzinga,https://www.benzinga.com/news/earnings/feed,Markets,,Earnings
Benzinga,https://www.benzinga.com/news/feed,Markets,,News
Wall Street Journal,https://feeds.a.dj.com/rss/RSSMarketsMain.xml,Market News,,WSJ.com: Markets
Wall Street Journal,https://feeds.a.dj.com/rss/WSJcomUSBusiness.xml,Business News,,WSJ.com: US Business
Wall Street Journal,https://feeds.a.dj.com/rss/RSSWSJD.xml,Technology News,,WSJ.com: WSJD
Wall Street Journal,https://feeds.a.dj.com/rss/RSSWorldNews.xml,World News,,WSJ.com: World News
Bank of Canada,https://www.bankofcanada.ca/utility/news/feed/,News,,News - Bank of Canada
NY Times,https://rss.nytimes.com/services/xml/rss/nyt/HomePage.xml,News,,NYT > Top Stories
NY Times,https://rss.nytimes.com/services/xml/rss/nyt/World.xml,World News,,NYT > World News
NY Times,https://rss.nytimes.com/services/xml/rss/nyt/Africa.xml,Africa News,,NYT > World > Africa
NY Times,https://rss.nytimes.com/services/xml/rss/nyt/Americas.xml,America News,,NYT > World > Americas
NY Times,https://rss.nytimes.com/services/xml/rss/nyt/AsiaPacific.xml,Asia News,,NYT > World > Asia Pacific
NY Times,https://rss.nytimes.com/services/xml/rss/nyt/Europe.xml,Europe News,,NYT > World > Europe
NY Times,https://rss.nytimes.com/services/xml/rss/nyt/MiddleEast.xml,Middle East News,,NYT > World > Middle East
NY Times,https://rss.nytimes.com/services/xml/rss/nyt/US.xml,US News,,NYT > U.S. News
NY Times,https://rss.nytimes.com/services/xml/rss/nyt/Education.xml,US Education,,NYT > Education
NY Times,https://rss.nytimes.com/services/xml/rss/nyt/Politics.xml,US Politics,,NYT > U.S. > Politics
NY Times,https://rss.nytimes.com/services/xml/rss/nyt/Business.xml,Business News,,NYT > Business
NY Times,https://rss.nytimes.com/services/xml/rss/nyt/EnergyEnvironment.xml,Environment,,NYT > Business > Energy & Environment
NY Times,https://rss.nytimes.com/services/xml/rss/nyt/SmallBusiness.xml,Small Business,,NYT > Business > Entrepreneurship
NY Times,https://rss.nytimes.com/services/xml/rss/nyt/Economy.xml,Economy,,NYT > Business > Economy
NY Times,https://rss.nytimes.com/services/xml/rss/nyt/Dealbook.xml,Dealbook,,NYT > Business > DealBook
NY Times,https://rss.nytimes.com/services/xml/rss/nyt/MediaandAdvertising.xml,Media & Advertising,,NYT > Business > Media
NY Times,https://rss.nytimes.com/services/xml/rss/nyt/Technology.xml,Technology News,,NYT > Technology
NY Times,https://rss.nytimes.com/services/xml/rss/nyt/PersonalTech.xml,Technology News,,NYT > Technology > Personal Tech
NY Times,https://rss.nytimes.com/services/xml/rss/nyt/Sports.xml,Sport News,,NYT > Sports
NY Times,https://rss.nytimes.com/services/xml/rss/nyt/Baseball.xml,Sport News,,NYT > Sports > Baseball
NY Times,https://rss.nytimes.com/services/xml/rss/nyt/CollegeBasketball.xml,Sport News,,NYT > Sports > College Basketball
NY Times,https://rss.nytimes.com/services/xml/rss/nyt/CollegeFootball.xml,Sport News,,NYT > Sports > College Football
NY Times,https://rss.nytimes.com/services/xml/rss/nyt/Golf.xml,Sport News,,NYT > Sports > Golf
NY Times,https://rss.nytimes.com/services/xml/rss/nyt/Hockey.xml,Sport News,,NYT > Sports > Hockey
NY Times,https://rss.nytimes.com/services/xml/rss/nyt/ProBasketball.xml,Sport News,,NYT > Sports > Pro Basketball
NY Times,https://rss.nytimes.com/services/xml/rss/nyt/ProFootball.xml,Sport News,,NYT > Sports > Pro Football
NY Times,https://rss.nytimes.com/services/xml/rss/nyt/Soccer.xml,Sport News,,NYT > Sports > Soccer
NY Times,https://rss.nytimes.com/services/xml/rss/nyt/Tennis.xml,Sport News,,NYT > Sports > Tennis
NY Times,https://rss.nytimes.com/services/xml/rss/nyt/Science.xml,Science News,,NYT > Science
NY Times,https://rss.nytimes.com/services/xml/rss/nyt/Climate.xml,Science News,,NYT > Climate and Environment
NY Times,https://rss.nytimes.com/services/xml/rss/nyt/Space.xml,Science News,,NYT > Science > Space & Cosmos
NY Times,https://rss.nytimes.com/services/xml/rss/nyt/Health.xml,Health News,,NYT > Health
Bank of England,https://www.bankofengland.co.uk/rss/news,News,,News
BBC,http://feeds.bbci.co.uk/news/rss.xml,News,,BBC News - Home
BBC,http://feeds.bbci.co.uk/news/world/rss.xml,World News,,BBC News - World
BBC,http://feeds.bbci.co.uk/news/uk/rss.xml,UK News,,BBC News - UK
BBC,http://feeds.bbci.co.uk/news/business/rss.xml,Business News,,BBC News - Business
BBC,http://feeds.bbci.co.uk/news/politics/rss.xml,Political News,,BBC News - UK Politics
BBC,http://feeds.bbci.co.uk/news/health/rss.xml,Health News,,BBC News - Health
BBC,http://feeds.bbci.co.uk/news/education/rss.xml,Education News,,BBC News - Family & Education
BBC,http://feeds.bbci.co.uk/news/science_and_environment/rss.xml,Science News,,BBC News - Science & Environment
BBC,http://feeds.bbci.co.uk/news/technology/rss.xml,Technology News,,BBC News - Technology
Yahoo Finance,https://finance.yahoo.com/rss/topstories,News,,Yahoo Finance
Yahoo Finance,https://finance.yahoo.com/rss/popularstories,News,,Yahoo Finance
NASDAQ,https://www.nasdaq.com/feed/rssoutbound?category=Commodities,Commodity News,,Commodities Feed
NASDAQ,https://www.nasdaq.com/feed/rssoutbound?category=Cryptocurrencies,Cryptocurrency News,,Cryptocurrencies Feed
NASDAQ,https://www.nasdaq.com/feed/rssoutbound?category=Dividends,Market News,,Dividends Feed
NASDAQ,https://www.nasdaq.com/feed/rssoutbound?category=Earnings,Market News,,Earnings Feed
NASDAQ,https://www.nasdaq.com/feed/rssoutbound?category=ETFs,Market News,,ETFs Feed
NASDAQ,https://www.nasdaq.com/feed/rssoutbound?category=IPOs,Market News,,IPOs Feed
NASDAQ,https://www.nasdaq.com/feed/rssoutbound?category=Markets,Market News,,Markets Feed
NASDAQ,https://www.nasdaq.com/feed/rssoutbound?category=Options,Market News,,Options Feed
NASDAQ,https://www.nasdaq.com/feed/rssoutbound?category=Stocks,Market News,,Stocks Feed
MarketWatch,http://feeds.marketwatch.com/marketwatch/topstories/,General,Top Stories,MarketWatch.com - Top Stories
MarketWatch,http://feeds.marketwatch.com/marketwatch/realtimeheadlines/,General,Realtime Headlines,MarketWatch.com - Real-time Headlines
MarketWatch,http://feeds.marketwatch.com/marketwatch/marketpulse/,General,Marketpulse,MarketWatch.com - MarketPulse
MarketWatch,http://feeds.marketwatch.com/marketwatch/bulletins,General,Bulletins ,MarketWatch.com - MarketWatch Breaking News Bulletins
GlobeNewsWire,https://www.globenewswire.com/RssFeed/industry/1000-Basic%20Materials/feedTitle/GlobeNewswire%20-%20Industry%20News%20on%20Basic%20Materials,Basic Materials,Basic Materials,GlobeNewswire - Industry News on Basic Materials
GlobeNewsWire,https://www.globenewswire.com/RssFeed/industry/1753-Aluminum/feedTitle/GlobeNewswire%20-%20Industry%20News%20on%20Aluminum,Basic Materials,Aluminum,GlobeNewswire - Industry News on Aluminum
GlobeNewsWire,https://www.globenewswire.com/RssFeed/industry/1771-Coal/feedTitle/GlobeNewswire%20-%20Industry%20News%20on%20Coal,Basic Materials,Coal,GlobeNewswire - Industry News on Coal
GlobeNewsWire,https://www.globenewswire.com/RssFeed/industry/1353-Commodity%20Chemicals/feedTitle/GlobeNewswire%20-%20Industry%20News%20on%20Commodity%20Chemicals,Basic Materials,Commodity Chemicals,GlobeNewswire - Industry News on Commodity Chemicals
GlobeNewsWire,https://www.globenewswire.com/RssFeed/industry/1773-Diamonds%2026%20Gemstones/feedTitle/GlobeNewswire%20-%20Industry%20News%20on%20Diamonds%20and%20Gemstones,Basic Materials,Diamonds ,GlobeNewswire - Industry News on Diamonds and Gemstones
GlobeNewsWire,https://www.globenewswire.com/RssFeed/industry/1733-Forestry/feedTitle/GlobeNewswire%20-%20Industry%20News%20on%20Forestry,Basic Materials,Forestry,GlobeNewswire - Industry News on Forestry
GlobeNewsWire,https://www.globenewswire.com/RssFeed/industry/1733-Forestry/feedTitle/GlobeNewswire%20-%20Industry%20News%20on%20Forestry,Basic Materials,General Mining,GlobeNewswire - Industry News on Forestry
GlobeNewsWire,https://www.globenewswire.com/RssFeed/industry/1775-General%20Mining/feedTitle/GlobeNewswire%20-%20Industry%20News%20on%20General%20Mining,Basic Materials,Iron & Steel,GlobeNewswire - Industry News on General Mining
GlobeNewsWire,https://www.globenewswire.com/RssFeed/industry/1777-Gold%20Mining/feedTitle/GlobeNewswire%20-%20Industry%20News%20on%20Gold%20Mining,Basic Materials,Gold Mining ,GlobeNewswire - Industry News on Gold Mining
GlobeNewsWire,https://www.globenewswire.com/RssFeed/industry/1757-Iron%2026%20Steel/feedTitle/GlobeNewswire%20-%20Industry%20News%20on%20Iron%20and%20Steel,Basic Materials,Iron & Steel,GlobeNewswire - Industry News on Iron and Steel
GlobeNewsWire,https://www.globenewswire.com/RssFeed/industry/1755-Nonferrous%20Metals/feedTitle/GlobeNewswire%20-%20Industry%20News%20on%20Nonferrous%20Metals,Basic Materials,Nonferrous Metals,GlobeNewswire - Industry News on Nonferrous Metals
GlobeNewsWire,https://www.globenewswire.com/RssFeed/industry/1737-Paper/feedTitle/GlobeNewswire%20-%20Industry%20News%20on%20Paper,Basic Materials,Paper,GlobeNewswire - Industry News on Paper
GlobeNewsWire,https://www.globenewswire.com/RssFeed/industry/1779-Platinum%2026%20Precious%20Metals/feedTitle/GlobeNewswire%20-%20Industry%20News%20on%20Platinum%20and%20Precious%20Metals,Basic Materials,Platinum & Precious Metals,GlobeNewswire - Industry News on Platinum and Precious Metals
GlobeNewsWire,https://www.globenewswire.com/RssFeed/industry/1357-Specialty%20Chemicals/feedTitle/GlobeNewswire%20-%20Industry%20News%20on%20Specialty%20Chemicals,Basic Materials,Speciality Chemicals,GlobeNewswire - Industry News on Specialty Chemicals
GlobeNewsWire,https://www.globenewswire.com/RssFeed/industry/420-Cannabis/feedTitle/GlobeNewswire%20-%20Industry%20News%20on%20Cannabis,Cannabis,Cannabis,GlobeNewswire - Industry News on Cannabis
GlobeNewsWire,https://www.globenewswire.com/RssFeed/industry/3000-Consumer%20Goods/feedTitle/GlobeNewswire%20-%20Industry%20News%20on%20Consumer%20Goods,Consumer Goods,Consumer Goods,GlobeNewswire - Industry News on Consumer Goods
GlobeNewsWire,https://www.globenewswire.com/RssFeed/industry/3355-Auto%20Parts/feedTitle/GlobeNewswire%20-%20Industry%20News%20on%20Auto%20Parts,Consumer Goods,Auto Parts,GlobeNewswire - Industry News on Auto Parts
GlobeNewsWire,https://www.globenewswire.com/RssFeed/industry/3353-Automobiles/feedTitle/GlobeNewswire%20-%20Industry%20News%20on%20Automobiles,Consumer Goods,Automobiles,GlobeNewswire - Industry News on Automobiles
GlobeNewsWire,https://www.globenewswire.com/RssFeed/industry/3533-Brewers/feedTitle/GlobeNewswire%20-%20Industry%20News%20on%20Brewers,Consumer Goods,Brewers,GlobeNewswire - Industry News on Brewers
GlobeNewsWire,https://www.globenewswire.com/RssFeed/industry/3763-Clothing%2026%20Accessories/feedTitle/GlobeNewswire%20-%20Industry%20News%20on%20Clothing%20and%20Accessories,Consumer Goods,Clothing & Accesories ,GlobeNewswire - Industry News on Clothing and Accessories
GlobeNewsWire,https://www.globenewswire.com/RssFeed/industry/3743-Consumer%20Electronics/feedTitle/GlobeNewswire%20-%20Industry%20News%20on%20Consumer%20Electronics,Consumer Goods,Consumer Electronics,GlobeNewswire - Industry News on Consumer Electronics
GlobeNewsWire,https://www.globenewswire.com/RssFeed/industry/3535-Distillers%2026%20Vintners/feedTitle/GlobeNewswire%20-%20Industry%20News%20on%20Distillers%20and%20Vintners,Consumer Goods,Distillers & Vintners,GlobeNewswire - Industry News on Distillers and Vintners
GlobeNewsWire,https://www.globenewswire.com/RssFeed/industry/3722-Durable%20Household%20Products/feedTitle/GlobeNewswire%20-%20Industry%20News%20on%20Durable%20Household%20Products,Consumer Goods,Durable Household Products,GlobeNewswire - Industry News on Durable Household Products
GlobeNewsWire,https://www.globenewswire.com/RssFeed/industry/3573-Farming%2026%20Fishing/feedTitle/GlobeNewswire%20-%20Industry%20News%20on%20Farming%20and%20Fishing,Consumer Goods,Farming and Fishing,GlobeNewswire - Industry News on Farming and Fishing
GlobeNewsWire,https://www.globenewswire.com/RssFeed/industry/3577-Food%20Products/feedTitle/GlobeNewswire%20-%20Industry%20News%20on%20Food%20Products,Consumer Goods,Food Products,GlobeNewswire - Industry News on Food Products
GlobeNewsWire,https://www.globenewswire.com/RssFeed/industry/3765-Footwear/feedTitle/GlobeNewswire%20-%20Industry%20News%20on%20Footwear,Consumer Goods,Footwear,GlobeNewswire - Industry News on Footwear
GlobeNewsWire,https://www.globenewswire.com/RssFeed/industry/3726-Furnishings/feedTitle/GlobeNewswire%20-%20Industry%20News%20on%20Furnishings,Consumer Goods,Furnishings,GlobeNewswire - Industry News on Furnishings
GlobeNewsWire,https://www.globenewswire.com/RssFeed/industry/3728-Home%20Construction/feedTitle/GlobeNewswire%20-%20Industry%20News%20on%20Home%20Construction,Consumer Goods,Home Construction,GlobeNewswire - Industry News on Home Construction
GlobeNewsWire,https://www.globenewswire.com/RssFeed/industry/3724-Nondurable%20Household%20Products/feedTitle/GlobeNewswire%20-%20Industry%20News%20on%20Nondurable%20Household%20Products,Consumer Goods,Nondurable Household Products,GlobeNewswire - Industry News on Nondurable Household Products
GlobeNewsWire,https://www.globenewswire.com/RssFeed/industry/3767-Personal%20Products/feedTitle/GlobeNewswire%20-%20Industry%20News%20on%20Personal%20Products,Consumer Goods,Personal Products,GlobeNewswire - Industry News on Personal Products
GlobeNewsWire,https://www.globenewswire.com/RssFeed/industry/3745-Recreational%20Products/feedTitle/GlobeNewswire%20-%20Industry%20News%20on%20Recreational%20Products,Consumer Goods,Recreational Products,GlobeNewswire - Industry News on Recreational Products
GlobeNewsWire,https://www.globenewswire.com/RssFeed/industry/3537-Soft%20Drinks/feedTitle/GlobeNewswire%20-%20Industry%20News%20on%20Soft%20Drinks,Consumer Goods,Soft Drinks,GlobeNewswire - Industry News on Soft Drinks
GlobeNewsWire,https://www.globenewswire.com/RssFeed/industry/3357-Tires/feedTitle/GlobeNewswire%20-%20Industry%20News%20on%20Tires,Consumer Goods,Tires,GlobeNewswire - Industry News on Tires
GlobeNewsWire,https://www.globenewswire.com/RssFeed/industry/3785-Tobacco/feedTitle/GlobeNewswire%20-%20Industry%20News%20on%20Tobacco,Consumer Goods,Tobacco,GlobeNewswire - Industry News on Tobacco
GlobeNewsWire,https://www.globenewswire.com/RssFeed/industry/3747-Toys/feedTitle/GlobeNewswire%20-%20Industry%20News%20on%20Toys,Consumer Goods,Toys,GlobeNewswire - Industry News on Toys
GlobeNewsWire,https://www.globenewswire.com/RssFeed/industry/5000-Consumer%20Services/feedTitle/GlobeNewswire%20-%20Industry%20News%20on%20Consumer%20Services,Consumer Services,Consumer Services,GlobeNewswire - Industry News on Consumer Services
GlobeNewsWire,https://www.globenewswire.com/RssFeed/industry/5751-Airlines/feedTitle/GlobeNewswire%20-%20Industry%20News%20on%20Airlines,Consumer Services,Airlines,GlobeNewswire - Industry News on Airlines
GlobeNewsWire,https://www.globenewswire.com/RssFeed/industry/5371-Apparel%20Retailers/feedTitle/GlobeNewswire%20-%20Industry%20News%20on%20Apparel%20Retailers,Consumer Services,Appareal Retailers,GlobeNewswire - Industry News on Apparel Retailers
GlobeNewsWire,https://www.globenewswire.com/RssFeed/industry/5553-Broadcasting%2026%20Entertainment/feedTitle/GlobeNewswire%20-%20Industry%20News%20on%20Broadcasting%20and%20Entertainment,Consumer Services,Broadcasting & Enterntainment,GlobeNewswire - Industry News on Broadcasting and Entertainment
GlobeNewsWire,https://www.globenewswire.com/RssFeed/industry/5373-Broadline%20Retailers/feedTitle/GlobeNewswire%20-%20Industry%20News%20on%20Broadline%20Retailers,Consumer Services,Broadline Retailers,GlobeNewswire - Industry News on Broadline Retailers
GlobeNewsWire,https://www.globenewswire.com/RssFeed/industry/5333-Drug%20Retailers/feedTitle/GlobeNewswire%20-%20Industry%20News%20on%20Drug%20Retailers,Consumer Services,Drug Retailers,GlobeNewswire - Industry News on Drug Retailers
GlobeNewsWire,https://www.globenewswire.com/RssFeed/industry/5337-Food%20Retailers%2026%20Wholesalers/feedTitle/GlobeNewswire%20-%20Industry%20News%20on%20Food%20Retailers%20and%20Wholesalers,Consumer Services,Food Retailers & Wholesalers,GlobeNewswire - Industry News on Food Retailers and Wholesalers
GlobeNewsWire,https://www.globenewswire.com/RssFeed/industry/5752-Gambling/feedTitle/GlobeNewswire%20-%20Industry%20News%20on%20Gambling,Consumer Services,Gambling,GlobeNewswire - Industry News on Gambling
GlobeNewsWire,https://www.globenewswire.com/RssFeed/industry/5375-Home%20Improvement%20Retailers/feedTitle/GlobeNewswire%20-%20Industry%20News%20on%20Home%20Improvement%20Retailers,Consumer Services,Home IMprovement Retailers,GlobeNewswire - Industry News on Home Improvement Retailers
GlobeNewsWire,https://www.globenewswire.com/RssFeed/industry/5753-Hotels/feedTitle/GlobeNewswire%20-%20Industry%20News%20on%20Hotels,Consumer Services,Hotels,GlobeNewswire - Industry News on Hotels
GlobeNewsWire,https://www.globenewswire.com/RssFeed/industry/5555-Media%20Agencies/feedTitle/GlobeNewswire%20-%20Industry%20News%20on%20Media%20Agencies,Consumer Services,Media Agencies,GlobeNewswire - Industry News on Media Agencies
GlobeNewsWire,https://www.globenewswire.com/RssFeed/industry/5557-Publishing/feedTitle/GlobeNewswire%20-%20Industry%20News%20on%20Publishing,Consumer Services,Publishing,GlobeNewswire - Industry News on Publishing
GlobeNewsWire,https://www.globenewswire.com/RssFeed/industry/5755-Recreational%20Services/feedTitle/GlobeNewswire%20-%20Industry%20News%20on%20Recreational%20Services,Consumer Services,Recreational Services,GlobeNewswire - Industry News on Recreational Services
GlobeNewsWire,https://www.globenewswire.com/RssFeed/industry/5757-Restaurants%2026%20Bars/feedTitle/GlobeNewswire%20-%20Industry%20News%20on%20Restaurants%20and%20Bars,Consumer Services,Restaurants & Bars,GlobeNewswire - Industry News on Restaurants and Bars
GlobeNewsWire,https://www.globenewswire.com/RssFeed/industry/5377-Specialized%20Consumer%20Services/feedTitle/GlobeNewswire%20-%20Industry%20News%20on%20Specialized%20Consumer%20Services,Consumer Services,Specialized Consumer Services,GlobeNewswire - Industry News on Specialized Consumer Services
GlobeNewsWire,https://www.globenewswire.com/RssFeed/industry/5379-Specialty%20Retailers/feedTitle/GlobeNewswire%20-%20Industry%20News%20on%20Specialty%20Retailers,Consumer Services,Speciality Retailers,GlobeNewswire - Industry News on Specialty Retailers
GlobeNewsWire,https://www.globenewswire.com/RssFeed/industry/5759-Travel%2026%20Tourism/feedTitle/GlobeNewswire%20-%20Industry%20News%20on%20Travel%20and%20Tourism,Consumer Services,Travel & Tourism,GlobeNewswire - Industry News on Travel and Tourism
GlobeNewsWire,https://www.globenewswire.com/RssFeed/industry/8000-Financials/feedTitle/GlobeNewswire%20-%20Industry%20News%20on%20Financials,Financials,Financials,GlobeNewswire - Industry News on Financials
GlobeNewsWire,https://www.globenewswire.com/RssFeed/industry/8771-Asset%20Managers/feedTitle/GlobeNewswire%20-%20Industry%20News%20on%20Asset%20Managers,Financials,Asset Managers,GlobeNewswire - Industry News on Asset Managers
GlobeNewsWire,https://www.globenewswire.com/RssFeed/industry/8355-Banks/feedTitle/GlobeNewswire%20-%20Industry%20News%20on%20Banks,Financials,Banks,GlobeNewswire - Industry News on Banks
GlobeNewsWire,https://www.globenewswire.com/RssFeed/industry/8773-Consumer%20Finance/feedTitle/GlobeNewswire%20-%20Industry%20News%20on%20Consumer%20Finance,Financials,Consumer Finance,GlobeNewswire - Industry News on Consumer Finance
GlobeNewsWire,https://www.globenewswire.com/RssFeed/industry/8674-Diversified%20REITs/feedTitle/GlobeNewswire%20-%20Industry%20News%20on%20Diversified%20REITs,Financials,Diversified REITs,GlobeNewswire - Industry News on Diversified REITs
GlobeNewsWire,https://www.globenewswire.com/RssFeed/industry/8985-Equity%20Investment%20Instruments/feedTitle/GlobeNewswire%20-%20Industry%20News%20on%20Equity%20Investment%20Instruments,Financials,Equity INvestment Instruments,GlobeNewswire - Industry News on Equity Investment Instruments
GlobeNewsWire,https://www.globenewswire.com/RssFeed/industry/8532-Full%20Line%20Insurance/feedTitle/GlobeNewswire%20-%20Industry%20News%20on%20Full%20Line%20Insurance,Financials,Full Line Insurance,GlobeNewswire - Industry News on Full Line Insurance
GlobeNewsWire,https://www.globenewswire.com/RssFeed/industry/8677-Hotel%2026%20Lodging%20REITs/feedTitle/GlobeNewswire%20-%20Industry%20News%20on%20Hotel%20and%20Lodging%20REITs,Financials,Hotel and Lodging REITs,GlobeNewswire - Industry News on Hotel and Lodging REITs
GlobeNewsWire,https://www.globenewswire.com/RssFeed/industry/8671-Industrial%2026%20Office%20REITs/feedTitle/GlobeNewswire%20-%20Industry%20News%20on%20Industrial%20and%20Office%20REITs,Financials,Industrial & Office REITs,GlobeNewswire - Industry News on Industrial and Office REITs
GlobeNewsWire,https://www.globenewswire.com/RssFeed/industry/8534-Insurance%20Brokers/feedTitle/GlobeNewswire%20-%20Industry%20News%20on%20Insurance%20Brokers,Financials,Insurance Brokers,GlobeNewswire - Industry News on Insurance Brokers
GlobeNewsWire,https://www.globenewswire.com/RssFeed/industry/8777-Investment%20Services/feedTitle/GlobeNewswire%20-%20Industry%20News%20on%20Investment%20Services,Financials,Investment Services,GlobeNewswire - Industry News on Investment Services
GlobeNewsWire,https://www.globenewswire.com/RssFeed/industry/8575-Life%20Insurance/feedTitle/GlobeNewswire%20-%20Industry%20News%20on%20Life%20Insurance,Financials,Life Insurance,GlobeNewswire - Industry News on Life Insurance
GlobeNewsWire,https://www.globenewswire.com/RssFeed/industry/8779-Mortgage%20Finance/feedTitle/GlobeNewswire%20-%20Industry%20News%20on%20Mortgage%20Finance,Financials,Mortgage Finance,GlobeNewswire - Industry News on Mortgage Finance
GlobeNewsWire,https://www.globenewswire.com/RssFeed/industry/8676-Mortgage%20REITs/feedTitle/GlobeNewswire%20-%20Industry%20News%20on%20Mortgage%20REITs,Financials,Mortgage REITs,GlobeNewswire - Industry News on Mortgage REITs
GlobeNewsWire,https://www.globenewswire.com/RssFeed/industry/8995-Nonequity%20Investment%20Instruments/feedTitle/GlobeNewswire%20-%20Industry%20News%20on%20Nonequity%20Investment%20Instruments,Financials,Nonequity Investment Instruments,GlobeNewswire - Industry News on Nonequity Investment Instruments
GlobeNewsWire,https://www.globenewswire.com/RssFeed/industry/8536-Property%2026%20Casualty%20Insurance/feedTitle/GlobeNewswire%20-%20Industry%20News%20on%20Property%20and%20Casualty%20Insurance,Financials,Property & Casualty Insurance,GlobeNewswire - Industry News on Property and Casualty Insurance
GlobeNewsWire,https://www.globenewswire.com/RssFeed/industry/8633-Real%20Estate%20Holding%2026%20Development/feedTitle/GlobeNewswire%20-%20Industry%20News%20on%20Real%20Estate%20Holding%20and%20Development,Financials,Real Estate Holding & Development,GlobeNewswire - Industry News on Real Estate Holding and Development
GlobeNewsWire,https://www.globenewswire.com/RssFeed/industry/8637-Real%20Estate%20Services/feedTitle/GlobeNewswire%20-%20Industry%20News%20on%20Real%20Estate%20Services,Financials,Real Estate Services,GlobeNewswire - Industry News on Real Estate Services
GlobeNewsWire,https://www.globenewswire.com/RssFeed/industry/8538-Reinsurance/feedTitle/GlobeNewswire%20-%20Industry%20News%20on%20Reinsurance,Financials,Reinsurance,GlobeNewswire - Industry News on Reinsurance
GlobeNewsWire,https://www.globenewswire.com/RssFeed/industry/8673-Residential%20REITs/feedTitle/GlobeNewswire%20-%20Industry%20News%20on%20Residential%20REITs,Financials,Residential REITs,GlobeNewswire - Industry News on Residential REITs
GlobeNewsWire,https://www.globenewswire.com/RssFeed/industry/8672-Retail%20REITs/feedTitle/GlobeNewswire%20-%20Industry%20News%20on%20Retail%20REITs,Financials,Retail REITs,GlobeNewswire - Industry News on Retail REITs
GlobeNewsWire,https://www.globenewswire.com/RssFeed/industry/8775-Specialty%20Finance/feedTitle/GlobeNewswire%20-%20Industry%20News%20on%20Specialty%20Finance,Financials,Speciality Finance,GlobeNewswire - Industry News on Specialty Finance
GlobeNewsWire,https://www.globenewswire.com/RssFeed/industry/8675-Specialty%20REITs/feedTitle/GlobeNewswire%20-%20Industry%20News%20on%20Specialty%20REITs,Financials,Speciality REITs,GlobeNewswire - Industry News on Specialty REITs
GlobeNewsWire,https://www.globenewswire.com/RssFeed/industry/4000-Health%20Care/feedTitle/GlobeNewswire%20-%20Industry%20News%20on%20Health%20Care,Health Care,Health Care,GlobeNewswire - Industry News on Health Care
GlobeNewsWire,https://www.globenewswire.com/RssFeed/industry/4573-Biotechnology/feedTitle/GlobeNewswire%20-%20Industry%20News%20on%20Biotechnology,Health Care,Biotechnology,GlobeNewswire - Industry News on Biotechnology
GlobeNewsWire,https://www.globenewswire.com/RssFeed/industry/4533-Health%20Care%20Providers/feedTitle/GlobeNewswire%20-%20Industry%20News%20on%20Health%20Care%20Providers,Health Care,Health Care Providers,GlobeNewswire - Industry News on Health Care Providers
GlobeNewsWire,https://www.globenewswire.com/RssFeed/industry/4535-Medical%20Equipment/feedTitle/GlobeNewswire%20-%20Industry%20News%20on%20Medical%20Equipment,Health Care,Medical Equipment,GlobeNewswire - Industry News on Medical Equipment
GlobeNewsWire,https://www.globenewswire.com/RssFeed/industry/4537-Medical%20Supplies/feedTitle/GlobeNewswire%20-%20Industry%20News%20on%20Medical%20Supplies,Health Care,Medical Supplies,GlobeNewswire - Industry News on Medical Supplies
GlobeNewsWire,https://www.globenewswire.com/RssFeed/industry/4577-Pharmaceuticals/feedTitle/GlobeNewswire%20-%20Industry%20News%20on%20Pharmaceuticals,Health Care,Pharmaceuticals,GlobeNewswire - Industry News on Pharmaceuticals
GlobeNewsWire,https://www.globenewswire.com/RssFeed/industry/2000-Industrials/feedTitle/GlobeNewswire%20-%20Industry%20News%20on%20Industrials,Industrials,Industrials,GlobeNewswire - Industry News on Industrials
GlobeNewsWire,https://www.globenewswire.com/RssFeed/industry/2713-Aerospace/feedTitle/GlobeNewswire%20-%20Industry%20News%20on%20Aerospace,Industrials,Aerospace,GlobeNewswire - Industry News on Aerospace
GlobeNewsWire,https://www.globenewswire.com/RssFeed/industry/2353-Building%20Materials%2026%20Fixtures/feedTitle/GlobeNewswire%20-%20Industry%20News%20on%20Building%20Materials%20and%20Fixtures,Industrials,Building Materials & Fixtures,GlobeNewswire - Industry News on Building Materials and Fixtures
GlobeNewsWire,https://www.globenewswire.com/RssFeed/industry/2791-Business%20Support%20Services/feedTitle/GlobeNewswire%20-%20Industry%20News%20on%20Business%20Support%20Services,Industrials,Business Support Services,GlobeNewswire - Industry News on Business Support Services
GlobeNewsWire,https://www.globenewswire.com/RssFeed/industry/2793-Business%20Training%2026%20Employment%20Agencies/feedTitle/GlobeNewswire%20-%20Industry%20News%20on%20Business%20Training%20and%20Employment%20Agencies,Industrials,Business Trading & Employment Agencies,GlobeNewswire - Industry News on Business Training and Employment Agencies
GlobeNewsWire,https://www.globenewswire.com/RssFeed/industry/2753-Commercial%20Vehicles%2026%20Trucks/feedTitle/GlobeNewswire%20-%20Industry%20News%20on%20Commercial%20Vehicles%20and%20Trucks,Industrials,Commercial Vehicules & Trucks,GlobeNewswire - Industry News on Commercial Vehicles and Trucks
GlobeNewsWire,https://www.globenewswire.com/RssFeed/industry/2723-Containers%2026%20Packaging/feedTitle/GlobeNewswire%20-%20Industry%20News%20on%20Containers%20and%20Packaging,Industrials,Containers & Packaging,GlobeNewswire - Industry News on Containers and Packaging
GlobeNewsWire,https://www.globenewswire.com/RssFeed/industry/2717-Defense/feedTitle/GlobeNewswire%20-%20Industry%20News%20on%20Defense,Industrials,Defense,GlobeNewswire - Industry News on Defense
GlobeNewsWire,https://www.globenewswire.com/RssFeed/industry/2771-Delivery%20Services/feedTitle/GlobeNewswire%20-%20Industry%20News%20on%20Delivery%20Services,Industrials,Delivery Services,GlobeNewswire - Industry News on Delivery Services
GlobeNewsWire,https://www.globenewswire.com/RssFeed/industry/2727-Diversified%20Industrials/feedTitle/GlobeNewswire%20-%20Industry%20News%20on%20Diversified%20Industrials,Industrials,Diversified Industrials,GlobeNewswire - Industry News on Diversified Industrials
GlobeNewsWire,https://www.globenewswire.com/RssFeed/industry/2733-Electrical%20Components%2026%20Equipment/feedTitle/GlobeNewswire%20-%20Industry%20News%20on%20Electrical%20Components%20and%20Equipment,Industrials,Electrical Components & Equipment,GlobeNewswire - Industry News on Electrical Components and Equipment
GlobeNewsWire,https://www.globenewswire.com/RssFeed/industry/2737-Electronic%20Equipment/feedTitle/GlobeNewswire%20-%20Industry%20News%20on%20Electronic%20Equipment,Industrials,Electronic Equipment,GlobeNewswire - Industry News on Electronic Equipment
GlobeNewsWire,https://www.globenewswire.com/RssFeed/industry/2795-Financial%20Administration/feedTitle/GlobeNewswire%20-%20Industry%20News%20on%20Financial%20Administration,Industrials,Financial Adminstration,GlobeNewswire - Industry News on Financial Administration
GlobeNewsWire,https://www.globenewswire.com/RssFeed/industry/2357-Heavy%20Construction/feedTitle/GlobeNewswire%20-%20Industry%20News%20on%20Heavy%20Construction,Industrials,Heavy Construction,GlobeNewswire - Industry News on Heavy Construction
GlobeNewsWire,https://www.globenewswire.com/RssFeed/industry/2757-Industrial%20Machinery/feedTitle/GlobeNewswire%20-%20Industry%20News%20on%20Industrial%20Machinery,Industrials,Industrial Machinery,GlobeNewswire - Industry News on Industrial Machinery
GlobeNewsWire,https://www.globenewswire.com/RssFeed/industry/2797-Industrial%20Suppliers/feedTitle/GlobeNewswire%20-%20Industry%20News%20on%20Industrial%20Suppliers,Industrials,Industrial Supplies,GlobeNewswire - Industry News on Industrial Suppliers
GlobeNewsWire,https://www.globenewswire.com/RssFeed/industry/2773-Marine%20Transportation/feedTitle/GlobeNewswire%20-%20Industry%20News%20on%20Marine%20Transportation,Industrials,Marine Transportation ,GlobeNewswire - Industry News on Marine Transportation
GlobeNewsWire,https://www.globenewswire.com/RssFeed/industry/2775-Railroads/feedTitle/GlobeNewswire%20-%20Industry%20News%20on%20Railroads,Industrials,Railroads,GlobeNewswire - Industry News on Railroads
GlobeNewsWire,https://www.globenewswire.com/RssFeed/industry/2777-Transportation%20Services/feedTitle/GlobeNewswire%20-%20Industry%20News%20on%20Transportation%20Services,Industrials,Transportation Services,GlobeNewswire - Industry News on Transportation Services
GlobeNewsWire,https://www.globenewswire.com/RssFeed/industry/2779-Trucking/feedTitle/GlobeNewswire%20-%20Industry%20News%20on%20Trucking,Industrials,Trucking,GlobeNewswire - Industry News on Trucking
GlobeNewsWire,https://www.globenewswire.com/RssFeed/industry/2799-Waste%2026%20Disposal%20Services/feedTitle/GlobeNewswire%20-%20Industry%20News%20on%20Waste%20and%20Disposal%20Services,Industrials,Waste & Disposal Services,GlobeNewswire - Industry News on Waste and Disposal Services
GlobeNewsWire,https://www.globenewswire.com/RssFeed/industry/1-Oil%2026%20Gas/feedTitle/GlobeNewswire%20-%20Industry%20News%20on%20Oil%20and%20Gas,Oil & Gas ,Oil & Gas ,GlobeNewswire - Industry News on Oil and Gas
GlobeNewsWire,https://www.globenewswire.com/RssFeed/industry/587-Alternative%20Fuels/feedTitle/GlobeNewswire%20-%20Industry%20News%20on%20Alternative%20Fuels,Oil & Gas ,Alternative Fuels,GlobeNewswire - Industry News on Alternative Fuels
GlobeNewsWire,https://www.globenewswire.com/RssFeed/industry/533-Exploration%2026%20Production/feedTitle/GlobeNewswire%20-%20Industry%20News%20on%20Exploration%20and%20Production,Oil & Gas ,Exploration & Production,GlobeNewswire - Industry News on Exploration and Production
GlobeNewsWire,https://www.globenewswire.com/RssFeed/industry/537-Integrated%20Oil%2026%20Gas/feedTitle/GlobeNewswire%20-%20Industry%20News%20on%20Integrated%20Oil%20and%20Gas,Oil & Gas ,Integrated Oil & gas,GlobeNewswire - Industry News on Integrated Oil and Gas
GlobeNewsWire,https://www.globenewswire.com/RssFeed/industry/573-Oil%20Equipment%2026%20Services/feedTitle/GlobeNewswire%20-%20Industry%20News%20on%20Oil%20Equipment%20and%20Services,Oil & Gas ,Oil Equipment & Services,GlobeNewswire - Industry News on Oil Equipment and Services
GlobeNewsWire,https://www.globenewswire.com/RssFeed/industry/577-Pipelines/feedTitle/GlobeNewswire%20-%20Industry%20News%20on%20Pipelines,Oil & Gas ,Pipelines,GlobeNewswire - Industry News on Pipelines
GlobeNewsWire,https://www.globenewswire.com/RssFeed/industry/583-Renewable%20Energy%20Equipment/feedTitle/GlobeNewswire%20-%20Industry%20News%20on%20Renewable%20Energy%20Equipment,Oil & Gas ,Renewable Energy Equipment,GlobeNewswire - Industry News on Renewable Energy Equipment
GlobeNewsWire,https://www.globenewswire.com/RssFeed/industry/9000-Technology/feedTitle/GlobeNewswire%20-%20Industry%20News%20on%20Technology,Technology,Technology,GlobeNewswire - Industry News on Technology
GlobeNewsWire,https://www.globenewswire.com/RssFeed/industry/9572-Computer%20Hardware/feedTitle/GlobeNewswire%20-%20Industry%20News%20on%20Computer%20Hardware,Technology,Computer Hardware,GlobeNewswire - Industry News on Computer Hardware
GlobeNewsWire,https://www.globenewswire.com/RssFeed/industry/9533-Computer%20Services/feedTitle/GlobeNewswire%20-%20Industry%20News%20on%20Computer%20Services,Technology,Computer Services,GlobeNewswire - Industry News on Computer Services
GlobeNewsWire,https://www.globenewswire.com/RssFeed/industry/9574-Electronic%20Office%20Equipment/feedTitle/GlobeNewswire%20-%20Industry%20News%20on%20Electronic%20Office%20Equipment,Technology,Electronic Office Equipment,GlobeNewswire - Industry News on Electronic Office Equipment
GlobeNewsWire,https://www.globenewswire.com/RssFeed/industry/9535-Internet/feedTitle/GlobeNewswire%20-%20Industry%20News%20on%20Internet,Technology,Internet Semiconductors,GlobeNewswire - Industry News on Internet
GlobeNewsWire,https://www.globenewswire.com/RssFeed/industry/9576-Semiconductors/feedTitle/GlobeNewswire%20-%20Industry%20News%20on%20Semiconductors,Technology,Software,GlobeNewswire - Industry News on Semiconductors
GlobeNewsWire,https://www.globenewswire.com/RssFeed/industry/9537-Software/feedTitle/GlobeNewswire%20-%20Industry%20News%20on%20Software,Technology,Telecommunications Equipment,GlobeNewswire - Industry News on Software
GlobeNewsWire,https://www.globenewswire.com/RssFeed/industry/6000-Telecommunications/feedTitle/GlobeNewswire%20-%20Industry%20News%20on%20Telecommunications,Telecommunications,Telecommunications ,GlobeNewswire - Industry News on Telecommunications
GlobeNewsWire,https://www.globenewswire.com/RssFeed/industry/6535-Fixed%20Line%20Telecommunications/feedTitle/GlobeNewswire%20-%20Industry%20News%20on%20Fixed%20Line%20Telecommunications,Telecommunications,Fixed Line Telecommunications,GlobeNewswire - Industry News on Fixed Line Telecommunications
GlobeNewsWire,https://www.globenewswire.com/RssFeed/industry/6575-Mobile%20Telecommunications/feedTitle/GlobeNewswire%20-%20Industry%20News%20on%20Mobile%20Telecommunications,Telecommunications,Mobile Telecommunications,GlobeNewswire - Industry News on Mobile Telecommunications
GlobeNewsWire,https://www.globenewswire.com/RssFeed/industry/7000-Utilities/feedTitle/GlobeNewswire%20-%20Industry%20News%20on%20Utilities,Utilities,Utilities,GlobeNewswire - Industry News on Utilities
GlobeNewsWire,https://www.globenewswire.com/RssFeed/industry/7537-Alternative%20Electricity/feedTitle/GlobeNewswire%20-%20Industry%20News%20on%20Alternative%20Electricity,Utilities,Alternative Electricity,GlobeNewswire - Industry News on Alternative Electricity
GlobeNewsWire,https://www.globenewswire.com/RssFeed/industry/7535-Conventional%20Electricity/feedTitle/GlobeNewswire%20-%20Industry%20News%20on%20Conventional%20Electricity,Utilities,Convential Electricity,GlobeNewswire - Industry News on Conventional Electricity
GlobeNewsWire,https://www.globenewswire.com/RssFeed/industry/7573-Gas%20Distribution/feedTitle/GlobeNewswire%20-%20Industry%20News%20on%20Gas%20Distribution,Utilities,Gas Distribution,GlobeNewswire - Industry News on Gas Distribution
GlobeNewsWire,https://www.globenewswire.com/RssFeed/industry/7575-Multiutilities/feedTitle/GlobeNewswire%20-%20Industry%20News%20on%20Multiutilities,Utilities,Multiutilities,GlobeNewswire - Industry News on Multiutilities
GlobeNewsWire,https://www.globenewswire.com/RssFeed/industry/7577-Water/feedTitle/GlobeNewswire%20-%20Industry%20News%20on%20Water,Utilities,Water,GlobeNewswire - Industry News on Water
GlobeNewsWire,https://www.globenewswire.com/RssFeed/country/Canada/feedTitle/GlobeNewswire%20-%20News%20from%20Canada,Canada,,GlobeNewswire - News from Canada
GlobeNewsWire,https://www.globenewswire.com/RssFeed/country/China/feedTitle/GlobeNewswire%20-%20News%20from%20China,China,,GlobeNewswire - News from China
GlobeNewsWire,https://www.globenewswire.com/RssFeed/country/United%20States/feedTitle/GlobeNewswire%20-%20News%20from%20United%20States,United States,,GlobeNewswire - News from United States